Num Interne;Référence;Désignation;Num. Série;Num. Complem.
10564;37275;AirCurve 10 CS PaceWave;22201060377;738
11836;37275;AirCurve 10 CS PaceWave;22221873244;985
11837;37275;AirCurve 10 CS PaceWave;22221873553;85
11838;37275;AirCurve 10 CS PaceWave;22221873247;361
11839;37275;AirCurve 10 CS PaceWave;22221873241;190
11943;37275;AirCurve 10 CS PaceWave;22231054736;651
11944;37275;AirCurve 10 CS PaceWave;22231055117;190
11945;37275;AirCurve 10 CS PaceWave;22231054740;789
12155;37275;AirCurve 10 CS PaceWave;22233031655;108
12156;37275;AirCurve 10 CS PaceWave;22233031686;282
12157;37275;AirCurve 10 CS PaceWave;22233031699;674
10320;37238;AirCurve 10 V-Auto;22182055295;982
10321;37238;AirCurve 10 V-Auto;22191083795;911
10503;37238;AirCurve 10 V-Auto;22191532174;855
10514;37238;AirCurve 10 V-Auto;22191532074;355
10515;37238;AirCurve 10 V-Auto;22191531874;732
10565;37238;AirCurve 10 V-Auto;22191767902;108
10570;37238;AirCurve 10 V-Auto;22191767774;901
10571;37238;AirCurve 10 V-Auto;22191767574;607
10572;37238;AirCurve 10 V-Auto;22191767883;966
10708;37238;AirCurve 10 V-Auto;22201501807;641
11144;37238;AirCurve 10 V-Auto;22211122877;997
11145;37238;AirCurve 10 V-Auto;22211122854;987
11169;37238;AirCurve 10 V-Auto;22211509196;195
11170;37238;AirCurve 10 V-Auto;22211509114;150
12184;39146;AirCurve 11 ASV Pacewave;22232974296;77
12185;39146;AirCurve 11 ASV Pacewave;22232974373;871
12186;39146;AirCurve 11 ASV Pacewave;22232974284;929
12187;39146;AirCurve 11 ASV Pacewave;22232974285;709
12188;39146;AirCurve 11 ASV Pacewave;22232974370;432
12504;39146;AirCurve 11 ASV Pacewave;22251062884;524
12505;39146;AirCurve 11 ASV Pacewave;22251062882;206
12506;39146;AirCurve 11 ASV Pacewave;22251062883;423
12448;39144;AirCurve 11 V-Auto;22241715126;802
12519;39144;AirCurve 11 V-Auto;22242276729;777
11104;38122;AirMini Autoset;22201519789;32
11146;38122;AirMini Autoset;22211091278;810
11477;38122;AirMini Autoset;22221396268;792
11478;38122;AirMini Autoset;22221396260;361
11479;38122;AirMini Autoset;22221396272;148
11940;38122;AirMini Autoset;22231600842;834
11941;38122;AirMini Autoset;22231600829;836
11942;38122;AirMini Autoset;22231600718;64
12180;38122;AirMini Autoset;22241210852;431
12181;38122;AirMini Autoset;22241210886;20
12182;38122;AirMini Autoset;22241210853;853
12354;38122;AirMini Autoset;22242257593;137
12355;38122;AirMini Autoset;22242257599;35
12356;38122;AirMini Autoset;22242257603;246
12381;38122;AirMini Autoset;22251430173;334
12382;38122;AirMini Autoset;22251430171;760
12383;38122;AirMini Autoset;22251430194;920
10000;37236;AirSense 10 AutoSet;23182087354;863
10002;37236;AirSense 10 AutoSet;23182040754;369
10004;37236;AirSense 10 AutoSet;23182040950;864
10006;37236;AirSense 10 AutoSet;23182040942;11
10007;37236;AirSense 10 AutoSet;23182041549;773
10008;37236;AirSense 10 AutoSet;23182041439;618
10009;37236;AirSense 10 AutoSet;23182040746;420
10010;37236;AirSense 10 AutoSet;23182041553;360
10011;37236;AirSense 10 AutoSet;23182040955;633
10012;37236;AirSense 10 AutoSet;23182040954;547
10013;37236;AirSense 10 AutoSet;23182040756;978
10239;37236;AirSense 10 AutoSet;23182734297;577
10240;37236;AirSense 10 AutoSet;23182734294;953
10241;37236;AirSense 10 AutoSet;23182734299;916
10242;37236;AirSense 10 AutoSet;23182734311;966
10243;37236;AirSense 10 AutoSet;23182734293;700
10244;37236;AirSense 10 AutoSet;23182733862;983
10245;37236;AirSense 10 AutoSet;23182733874;367
10246;37236;AirSense 10 AutoSet;23182734306;700
10247;37236;AirSense 10 AutoSet;23182733875;298
10248;37236;AirSense 10 AutoSet;23182733863;421
10249;37236;AirSense 10 AutoSet;23182734277;769
10288;37236;AirSense 10 AutoSet;23191079213;211
10289;37236;AirSense 10 AutoSet;23191079212;85
10290;37236;AirSense 10 AutoSet;23191079232;851
10291;37236;AirSense 10 AutoSet;23191079231;469
10292;37236;AirSense 10 AutoSet;23191079793;395
10293;37236;AirSense 10 AutoSet;23191079230;994
10294;37236;AirSense 10 AutoSet;23191079795;497
10295;37236;AirSense 10 AutoSet;23191079228;356
10296;37236;AirSense 10 AutoSet;23191079792;992
10297;37236;AirSense 10 AutoSet;23191079791;694
10325;37236;AirSense 10 AutoSet;23191667125;602
10326;37236;AirSense 10 AutoSet;23191667576;675
10327;37236;AirSense 10 AutoSet;23191667577;9
10328;37236;AirSense 10 AutoSet;23191666913;176
10329;37236;AirSense 10 AutoSet;23191667131;36
10330;37236;AirSense 10 AutoSet;23191666920;30
10331;37236;AirSense 10 AutoSet;23191666919;350
10332;37236;AirSense 10 AutoSet;23191667132;461
10333;37236;AirSense 10 AutoSet;23191667142;942
10334;37236;AirSense 10 AutoSet;23191666903;789
10335;37236;AirSense 10 AutoSet;23191666904;922
10336;37236;AirSense 10 AutoSet;23191666902;206
10337;37236;AirSense 10 AutoSet;23191666901;344
10338;37236;AirSense 10 AutoSet;23191666900;221
10339;37236;AirSense 10 AutoSet;23191667574;285
10340;37236;AirSense 10 AutoSet;23191667349;929
10341;37236;AirSense 10 AutoSet;23191667575;947
10373;37236;AirSense 10 AutoSet;23193577620;495
10374;37236;AirSense 10 AutoSet;23193577621;927
10375;37236;AirSense 10 AutoSet;23193577617;124
10376;37236;AirSense 10 AutoSet;23193577619;939
10377;37236;AirSense 10 AutoSet;23193577596;36
10378;37236;AirSense 10 AutoSet;23193578044;802
10379;37236;AirSense 10 AutoSet;23193578042;475
10380;37236;AirSense 10 AutoSet;23193577595;625
10381;37236;AirSense 10 AutoSet;23193577603;794
10382;37236;AirSense 10 AutoSet;23193577601;906
10383;37236;AirSense 10 AutoSet;23193578040;907
10384;37236;AirSense 10 AutoSet;23193577600;473
10385;37236;AirSense 10 AutoSet;23193578015;790
10386;37236;AirSense 10 AutoSet;23193578019;428
10387;37236;AirSense 10 AutoSet;23193577571;773
10388;37236;AirSense 10 AutoSet;23193577572;33
10389;37236;AirSense 10 AutoSet;23193578064;925
10390;37236;AirSense 10 AutoSet;23193577611;178
10391;37236;AirSense 10 AutoSet;23193578054;29
10392;37236;AirSense 10 AutoSet;23193577608;884
10512;37236;AirSense 10 AutoSet;23152200848;853
10539;37236;AirSense 10 AutoSet;23201522662;572
10540;37236;AirSense 10 AutoSet;23201522661;266
10541;37236;AirSense 10 AutoSet;23201521637;910
10542;37236;AirSense 10 AutoSet;23201522663;406
10543;37236;AirSense 10 AutoSet;23201521968;419
10544;37236;AirSense 10 AutoSet;23201521210;807
10545;37236;AirSense 10 AutoSet;23201521970;441
10546;37236;AirSense 10 AutoSet;23201521973;401
10547;37236;AirSense 10 AutoSet;23201341231;817
10548;37236;AirSense 10 AutoSet;23201340979;432
10549;37236;AirSense 10 AutoSet;23201341099;676
10550;37236;AirSense 10 AutoSet;23201341387;443
10551;37236;AirSense 10 AutoSet;23201341357;784
10552;37236;AirSense 10 AutoSet;23201341393;160
10553;37236;AirSense 10 AutoSet;23201341071;509
10554;37236;AirSense 10 AutoSet;23201341098;593
10639;37236;AirSense 10 AutoSet;23202061532;26
10640;37236;AirSense 10 AutoSet;23202061769;951
10641;37236;AirSense 10 AutoSet;23202061527;502
10642;37236;AirSense 10 AutoSet;23202061525;525
10664;37236;AirSense 10 AutoSet;23202061658;427
10665;37236;AirSense 10 AutoSet;23202061279;779
10666;37236;AirSense 10 AutoSet;23202061797;322
10667;37236;AirSense 10 AutoSet;23202061160;317
10668;37236;AirSense 10 AutoSet;23202061781;279
10669;37236;AirSense 10 AutoSet;23202061542;403
10670;37236;AirSense 10 AutoSet;23202061772;184
10671;37236;AirSense 10 AutoSet;23202061539;710
10672;37236;AirSense 10 AutoSet;23202061553;207
10673;37236;AirSense 10 AutoSet;23202061775;801
10674;37236;AirSense 10 AutoSet;23202061605;358
10675;37236;AirSense 10 AutoSet;23202061637;92
10704;37236;AirSense 10 AutoSet;23202933384;862
10705;37236;AirSense 10 AutoSet;23202932838;384
10710;37236;AirSense 10 AutoSet;23203200623;277
10711;37236;AirSense 10 AutoSet;23203200397;895
10712;37236;AirSense 10 AutoSet;23203200451;783
10713;37236;AirSense 10 AutoSet;23203200218;930
10714;37236;AirSense 10 AutoSet;23203200615;37
10715;37236;AirSense 10 AutoSet;23203200389;495
10716;37236;AirSense 10 AutoSet;23203200614;195
10717;37236;AirSense 10 AutoSet;23203200620;591
10718;37236;AirSense 10 AutoSet;23203200004;550
10719;37236;AirSense 10 AutoSet;23203200002;355
10720;37236;AirSense 10 AutoSet;23203200622;857
10721;37236;AirSense 10 AutoSet;23203200624;158
10722;37236;AirSense 10 AutoSet;23203200383;866
10723;37236;AirSense 10 AutoSet;23203200457;823
10724;37236;AirSense 10 AutoSet;23203200233;395
10725;37236;AirSense 10 AutoSet;23203200390;412
10726;37236;AirSense 10 AutoSet;23203045937;74
10727;37236;AirSense 10 AutoSet;23203046158;735
10998;37236;AirSense 10 AutoSet;23211272690;613
10999;37236;AirSense 10 AutoSet;23211272691;630
11000;37236;AirSense 10 AutoSet;23211483620;41
11001;37236;AirSense 10 AutoSet;23211483840;897
11002;37236;AirSense 10 AutoSet;23211483625;879
11003;37236;AirSense 10 AutoSet;23211483621;260
11004;37236;AirSense 10 AutoSet;23211483778;465
11005;37236;AirSense 10 AutoSet;23211483993;799
11006;37236;AirSense 10 AutoSet;23211483997;421
11007;37236;AirSense 10 AutoSet;23211483986;538
11008;37236;AirSense 10 AutoSet;23211483996;88
11009;37236;AirSense 10 AutoSet;23211483779;105
11010;37236;AirSense 10 AutoSet;23211483994;922
11011;37236;AirSense 10 AutoSet;23211483769;614
11012;37236;AirSense 10 AutoSet;23211483841;90
11013;37236;AirSense 10 AutoSet;23211483831;141
11014;37236;AirSense 10 AutoSet;23211483833;224
11015;37236;AirSense 10 AutoSet;23211483610;564
11016;37236;AirSense 10 AutoSet;23211272644;800
11112;37236;AirSense 10 AutoSet;23211716462;537
11113;37236;AirSense 10 AutoSet;23211716194;988
11114;37236;AirSense 10 AutoSet;23211716199;3
11115;37236;AirSense 10 AutoSet;23211716461;186
11116;37236;AirSense 10 AutoSet;23211716330;54
11117;37236;AirSense 10 AutoSet;23211716329;35
11118;37236;AirSense 10 AutoSet;23211716332;551
11119;37236;AirSense 10 AutoSet;23211716070;879
11120;37236;AirSense 10 AutoSet;23211716458;8
11121;37236;AirSense 10 AutoSet;23211716463;732
11122;37236;AirSense 10 AutoSet;23211716464;635
11123;37236;AirSense 10 AutoSet;23211716201;574
11124;37236;AirSense 10 AutoSet;23211716331;590
11125;37236;AirSense 10 AutoSet;23211716071;43
11126;37236;AirSense 10 AutoSet;23211716320;253
11127;37236;AirSense 10 AutoSet;23211716333;587
11175;37236;AirSense 10 AutoSet;23212861216;687
11176;37236;AirSense 10 AutoSet;23212861275;623
11177;37236;AirSense 10 AutoSet;23212861274;510
11178;37236;AirSense 10 AutoSet;23212860208;713
11179;37236;AirSense 10 AutoSet;23212890430;168
11180;37236;AirSense 10 AutoSet;23212890431;975
11181;37236;AirSense 10 AutoSet;23212890433;502
11182;37236;AirSense 10 AutoSet;23212890397;392
11183;37236;AirSense 10 AutoSet;23212861257;376
11184;37236;AirSense 10 AutoSet;23212861251;607
11185;37236;AirSense 10 AutoSet;23212861247;2
11186;37236;AirSense 10 AutoSet;23212861243;90
11187;37236;AirSense 10 AutoSet;23212861183;647
11188;37236;AirSense 10 AutoSet;23212861175;847
11189;37236;AirSense 10 AutoSet;23212861185;211
11190;37236;AirSense 10 AutoSet;23212861204;430
11195;37236;AirSense 10 AutoSet;23212715889;322
11196;37236;AirSense 10 AutoSet;23212715892;91
11210;37236;AirSense 10 AutoSet;23212921185;583
11211;37236;AirSense 10 AutoSet;23212921183;12
11212;37236;AirSense 10 AutoSet;23212921129;9
11213;37236;AirSense 10 AutoSet;23212921130;249
11214;37236;AirSense 10 AutoSet;23212921150;490
11215;37236;AirSense 10 AutoSet;23212921152;979
11216;37236;AirSense 10 AutoSet;23212921153;362
11217;37236;AirSense 10 AutoSet;23212921164;85
11218;37236;AirSense 10 AutoSet;23212921177;486
11219;37236;AirSense 10 AutoSet;23212921188;479
11220;37236;AirSense 10 AutoSet;23212921147;106
11221;37236;AirSense 10 AutoSet;23212921133;276
11222;37236;AirSense 10 AutoSet;23212921141;559
11223;37236;AirSense 10 AutoSet;23212921142;663
11224;37236;AirSense 10 AutoSet;23212921184;986
11225;37236;AirSense 10 AutoSet;23212921179;170
11229;37236;AirSense 10 AutoSet;23212922944;289
11230;37236;AirSense 10 AutoSet;23212922504;390
11231;37236;AirSense 10 AutoSet;23212922506;129
11232;37236;AirSense 10 AutoSet;23212922937;415
11233;37236;AirSense 10 AutoSet;23212922941;864
11234;37236;AirSense 10 AutoSet;23212922501;891
11235;37236;AirSense 10 AutoSet;23212922507;30
11236;37236;AirSense 10 AutoSet;23212922948;786
11237;37236;AirSense 10 AutoSet;23212922537;671
11238;37236;AirSense 10 AutoSet;23212922951;350
11239;37236;AirSense 10 AutoSet;23212922971;436
11240;37236;AirSense 10 AutoSet;23212922972;274
11241;37236;AirSense 10 AutoSet;23212922512;85
11242;37236;AirSense 10 AutoSet;23212922947;598
11243;37236;AirSense 10 AutoSet;23212922526;147
11244;37236;AirSense 10 AutoSet;23212922962;695
11245;37236;AirSense 10 AutoSet;23212922532;122
11246;37236;AirSense 10 AutoSet;23212922960;860
11247;37236;AirSense 10 AutoSet;23212922934;856
11248;37236;AirSense 10 AutoSet;23212922513;697
11249;37236;AirSense 10 AutoSet;23212922970;635
11250;37236;AirSense 10 AutoSet;23212922540;469
11251;37236;AirSense 10 AutoSet;23212921603;295
11252;37236;AirSense 10 AutoSet;23212921602;988
11253;37236;AirSense 10 AutoSet;23212922498;412
11254;37236;AirSense 10 AutoSet;23212922979;156
11255;37236;AirSense 10 AutoSet;23212922977;921
11256;37236;AirSense 10 AutoSet;23212922885;913
11257;37236;AirSense 10 AutoSet;23212922978;962
11258;37236;AirSense 10 AutoSet;23212922936;714
11259;37236;AirSense 10 AutoSet;23212922502;631
11260;37236;AirSense 10 AutoSet;23212922516;409
11261;37236;AirSense 10 AutoSet;23212922518;523
11262;37236;AirSense 10 AutoSet;23212922515;36
11263;37236;AirSense 10 AutoSet;23212922487;480
11264;37236;AirSense 10 AutoSet;23212922509;473
11265;37236;AirSense 10 AutoSet;23212922520;240
11266;37236;AirSense 10 AutoSet;23212922949;717
11267;37236;AirSense 10 AutoSet;23212922952;308
11268;37236;AirSense 10 AutoSet;23212922505;875
11269;37236;AirSense 10 AutoSet;23212922964;432
11270;37236;AirSense 10 AutoSet;23212922524;84
11271;37236;AirSense 10 AutoSet;23212922966;690
11272;37236;AirSense 10 AutoSet;23212922965;529
11328;37236;AirSense 10 AutoSet;23221161319;576
11329;37236;AirSense 10 AutoSet;23221161625;370
11330;37236;AirSense 10 AutoSet;23221161318;643
11331;37236;AirSense 10 AutoSet;23221161588;460
11332;37236;AirSense 10 AutoSet;23221161636;127
11333;37236;AirSense 10 AutoSet;23221161635;429
11334;37236;AirSense 10 AutoSet;23221161317;573
11335;37236;AirSense 10 AutoSet;23221161335;473
11352;37236;AirSense 10 AutoSet;23221121261;652
11353;37236;AirSense 10 AutoSet;23221122118;279
11354;37236;AirSense 10 AutoSet;23221122117;414
11355;37236;AirSense 10 AutoSet;23221122119;892
11356;37236;AirSense 10 AutoSet;23221121260;130
11357;37236;AirSense 10 AutoSet;23221120818;614
11358;37236;AirSense 10 AutoSet;23221120816;887
11359;37236;AirSense 10 AutoSet;23221120817;274
11360;37236;AirSense 10 AutoSet;23221121278;329
11361;37236;AirSense 10 AutoSet;23221120830;179
11362;37236;AirSense 10 AutoSet;23221121276;77
11363;37236;AirSense 10 AutoSet;23221122123;589
11364;37236;AirSense 10 AutoSet;23221120828;967
11365;37236;AirSense 10 AutoSet;23221120829;919
11366;37236;AirSense 10 AutoSet;23221122128;847
11367;37236;AirSense 10 AutoSet;23221121271;220
11368;37236;AirSense 10 AutoSet;23221120821;109
11369;37236;AirSense 10 AutoSet;23221120822;279
11370;37236;AirSense 10 AutoSet;23221121267;144
11371;37236;AirSense 10 AutoSet;23221122143;634
11372;37236;AirSense 10 AutoSet;23221120835;377
11373;37236;AirSense 10 AutoSet;23221122134;123
11374;37236;AirSense 10 AutoSet;23221122132;869
11375;37236;AirSense 10 AutoSet;23221122126;399
11436;37236;AirSense 10 AutoSet;23221403790;256
11437;37236;AirSense 10 AutoSet;23221403804;943
11448;37236;AirSense 10 AutoSet;23221428141;545
11449;37236;AirSense 10 AutoSet;23221428140;521
11450;37236;AirSense 10 AutoSet;23221428487;714
11451;37236;AirSense 10 AutoSet;23221428139;616
11452;37236;AirSense 10 AutoSet;23221428511;865
11453;37236;AirSense 10 AutoSet;23221428165;449
11454;37236;AirSense 10 AutoSet;23221428166;843
11455;37236;AirSense 10 AutoSet;23221428508;444
11456;37236;AirSense 10 AutoSet;23221428169;426
11457;37236;AirSense 10 AutoSet;23221428514;86
11458;37236;AirSense 10 AutoSet;23221428515;938
11459;37236;AirSense 10 AutoSet;23221428170;469
11633;37236;AirSense 10 AutoSet;23221721410;756
11634;37236;AirSense 10 AutoSet;23221721438;523
11635;37236;AirSense 10 AutoSet;23221720924;644
11636;37236;AirSense 10 AutoSet;23221721537;902
11637;37236;AirSense 10 AutoSet;23221721538;364
11638;37236;AirSense 10 AutoSet;23221721539;693
11639;37236;AirSense 10 AutoSet;23221721294;251
11640;37236;AirSense 10 AutoSet;23221721287;72
11641;37236;AirSense 10 AutoSet;23221721286;936
11642;37236;AirSense 10 AutoSet;23221721520;320
11643;37236;AirSense 10 AutoSet;23221721133;646
11644;37236;AirSense 10 AutoSet;23221721087;992
11645;37236;AirSense 10 AutoSet;23221721096;948
11646;37236;AirSense 10 AutoSet;23221721208;687
11647;37236;AirSense 10 AutoSet;23221721542;435
11648;37236;AirSense 10 AutoSet;23221720936;822
11649;37236;AirSense 10 AutoSet;23221721309;251
11650;37236;AirSense 10 AutoSet;23221720934;142
11763;37236;AirSense 10 AutoSet;23183009555;117
11927;37236;AirSense 10 AutoSet;23201163602;926
12450;37236;AirSense 10 AutoSet;23243355583;528
10252;170;AirSense 10 AutoSet Factice;23191530942;489
10254;37422;AirSense 10 AutoSet for Her;22181944089;945
10255;37422;AirSense 10 AutoSet for Her;22181944162;876
10256;37422;AirSense 10 AutoSet for Her;22181944172;194
10257;37422;AirSense 10 AutoSet for Her;22181944109;575
10258;37422;AirSense 10 AutoSet for Her;22181903230;67
10259;37422;AirSense 10 AutoSet for Her;22181944086;853
10260;37422;AirSense 10 AutoSet for Her;22181944177;702
10261;37422;AirSense 10 AutoSet for Her;22181944120;672
10262;37422;AirSense 10 AutoSet for Her;22181944181;410
10263;37422;AirSense 10 AutoSet for Her;22181944182;817
10264;37422;AirSense 10 AutoSet for Her;22181961774;752
10265;37422;AirSense 10 AutoSet for Her;22181961634;185
10266;37422;AirSense 10 AutoSet for Her;22181961711;115
10267;37422;AirSense 10 AutoSet for Her;22181961856;385
10268;37422;AirSense 10 AutoSet for Her;22181961854;208
10269;37422;AirSense 10 AutoSet for Her;22181961712;196
10270;37422;AirSense 10 AutoSet for Her;22181961860;281
10271;37422;AirSense 10 AutoSet for Her;22181961716;164
10272;37422;AirSense 10 AutoSet for Her;22181961859;527
10273;37422;AirSense 10 AutoSet for Her;22181961715;347
10298;37422;AirSense 10 AutoSet for Her;22182089071;319
10299;37422;AirSense 10 AutoSet for Her;22182089306;960
10300;37422;AirSense 10 AutoSet for Her;22182089077;347
10301;37422;AirSense 10 AutoSet for Her;22182089079;317
10302;37422;AirSense 10 AutoSet for Her;22182089088;922
10303;37422;AirSense 10 AutoSet for Her;22182089127;16
10304;37422;AirSense 10 AutoSet for Her;22182089085;986
10305;37422;AirSense 10 AutoSet for Her;22182089303;9
10306;37422;AirSense 10 AutoSet for Her;22182089298;871
10307;37422;AirSense 10 AutoSet for Her;22182089234;687
10308;37422;AirSense 10 AutoSet for Her;22182089089;352
10309;37422;AirSense 10 AutoSet for Her;22182089233;274
10310;37422;AirSense 10 AutoSet for Her;22191161702;188
10311;37422;AirSense 10 AutoSet for Her;22191161705;570
10312;37422;AirSense 10 AutoSet for Her;22182089081;11
10313;37422;AirSense 10 AutoSet for Her;22182089078;512
10314;37422;AirSense 10 AutoSet for Her;22182089301;339
10315;37422;AirSense 10 AutoSet for Her;22182089309;842
10316;37422;AirSense 10 AutoSet for Her;22182089219;78
10317;37422;AirSense 10 AutoSet for Her;22182089084;375
10318;37422;AirSense 10 AutoSet for Her;22182089198;315
10319;37422;AirSense 10 AutoSet for Her;22182089180;595
10342;37422;AirSense 10 AutoSet for Her;22191102802;721
10343;37422;AirSense 10 AutoSet for Her;22191102806;52
10344;37422;AirSense 10 AutoSet for Her;22191102711;488
10345;37422;AirSense 10 AutoSet for Her;22191102593;228
10346;37422;AirSense 10 AutoSet for Her;22191102589;600
10347;37422;AirSense 10 AutoSet for Her;22191102591;635
10348;37422;AirSense 10 AutoSet for Her;22191102586;671
10349;37422;AirSense 10 AutoSet for Her;22191102616;753
10350;37422;AirSense 10 AutoSet for Her;22191102602;900
10351;37422;AirSense 10 AutoSet for Her;22191102796;631
10352;37422;AirSense 10 AutoSet for Her;22191102609;972
10353;37422;AirSense 10 AutoSet for Her;22191102607;571
10354;37422;AirSense 10 AutoSet for Her;22191102580;215
10355;37422;AirSense 10 AutoSet for Her;22191102791;456
10356;37422;AirSense 10 AutoSet for Her;22191102792;81
10393;37422;AirSense 10 AutoSet for Her;22191776023;304
10394;37422;AirSense 10 AutoSet for Her;22191776218;259
10395;37422;AirSense 10 AutoSet for Her;22191776219;472
10396;37422;AirSense 10 AutoSet for Her;22191776031;208
10397;37422;AirSense 10 AutoSet for Her;22191776188;343
10398;37422;AirSense 10 AutoSet for Her;22191776180;131
10399;37422;AirSense 10 AutoSet for Her;22191776179;721
10400;37422;AirSense 10 AutoSet for Her;22191776187;428
10401;37422;AirSense 10 AutoSet for Her;22191776020;541
10402;37422;AirSense 10 AutoSet for Her;22191776177;159
10403;37422;AirSense 10 AutoSet for Her;22191776176;353
10404;37422;AirSense 10 AutoSet for Her;22191776019;125
10523;37422;AirSense 10 AutoSet for Her;22201001535;278
10524;37422;AirSense 10 AutoSet for Her;22201001411;488
10525;37422;AirSense 10 AutoSet for Her;22201001410;969
10526;37422;AirSense 10 AutoSet for Her;22201001405;142
10527;37422;AirSense 10 AutoSet for Her;22201001389;244
10528;37422;AirSense 10 AutoSet for Her;22201001384;91
10529;37422;AirSense 10 AutoSet for Her;22201001391;724
10530;37422;AirSense 10 AutoSet for Her;22201001396;57
10531;37422;AirSense 10 AutoSet for Her;22201001547;430
10532;37422;AirSense 10 AutoSet for Her;22201001539;794
10533;37422;AirSense 10 AutoSet for Her;22201001537;462
10534;37422;AirSense 10 AutoSet for Her;22201001542;769
10535;37422;AirSense 10 AutoSet for Her;22201001559;389
10536;37422;AirSense 10 AutoSet for Her;22201001551;948
10537;37422;AirSense 10 AutoSet for Her;22201001545;400
10538;37422;AirSense 10 AutoSet for Her;22201001549;665
10643;37422;AirSense 10 AutoSet for Her;22201128862;549
10644;37422;AirSense 10 AutoSet for Her;22201128866;466
10645;37422;AirSense 10 AutoSet for Her;22201128869;654
10646;37422;AirSense 10 AutoSet for Her;22201129122;776
10660;37422;AirSense 10 AutoSet for Her;22201129094;605
10661;37422;AirSense 10 AutoSet for Her;22201129104;372
10662;37422;AirSense 10 AutoSet for Her;22201129103;254
10663;37422;AirSense 10 AutoSet for Her;22201128852;793
10676;37422;AirSense 10 AutoSet for Her;22201129092;621
10677;37422;AirSense 10 AutoSet for Her;22201129088;279
10678;37422;AirSense 10 AutoSet for Her;22201129089;625
10679;37422;AirSense 10 AutoSet for Her;22201129090;266
10680;37422;AirSense 10 AutoSet for Her;22201129119;381
10681;37422;AirSense 10 AutoSet for Her;22201128865;817
10682;37422;AirSense 10 AutoSet for Her;22201129097;45
10683;37422;AirSense 10 AutoSet for Her;22201128847;719
10728;37422;AirSense 10 AutoSet for Her;22201499245;539
10729;37422;AirSense 10 AutoSet for Her;22201499206;762
10730;37422;AirSense 10 AutoSet for Her;22201499207;327
10731;37422;AirSense 10 AutoSet for Her;22201499209;438
10732;37422;AirSense 10 AutoSet for Her;22201499208;62
10733;37422;AirSense 10 AutoSet for Her;22201464666;762
10734;37422;AirSense 10 AutoSet for Her;22201464535;283
10735;37422;AirSense 10 AutoSet for Her;22201499246;76
10736;37422;AirSense 10 AutoSet for Her;22201499248;3
10737;37422;AirSense 10 AutoSet for Her;22201499247;74
10738;37422;AirSense 10 AutoSet for Her;22201499233;368
10739;37422;AirSense 10 AutoSet for Her;22201499228;843
10740;37422;AirSense 10 AutoSet for Her;22201499244;162
10741;37422;AirSense 10 AutoSet for Her;22201499229;759
11017;37422;AirSense 10 AutoSet for Her;22211177601;38
11018;37422;AirSense 10 AutoSet for Her;22211177501;888
11019;37422;AirSense 10 AutoSet for Her;22211177502;501
11020;37422;AirSense 10 AutoSet for Her;22211177603;650
11021;37422;AirSense 10 AutoSet for Her;22211177592;680
11022;37422;AirSense 10 AutoSet for Her;22211177505;307
11023;37422;AirSense 10 AutoSet for Her;22211177492;490
11024;37422;AirSense 10 AutoSet for Her;22211177499;994
11025;37422;AirSense 10 AutoSet for Her;22211177458;219
11026;37422;AirSense 10 AutoSet for Her;22211177586;275
11027;37422;AirSense 10 AutoSet for Her;22211177456;78
11028;37422;AirSense 10 AutoSet for Her;22211177455;149
11029;37422;AirSense 10 AutoSet for Her;22211177384;597
11128;37422;AirSense 10 AutoSet for Her;23212026610;107
11129;37422;AirSense 10 AutoSet for Her;23212026826;776
11130;37422;AirSense 10 AutoSet for Her;23212026808;958
11131;37422;AirSense 10 AutoSet for Her;23212026741;453
11132;37422;AirSense 10 AutoSet for Her;23212026824;72
11133;37422;AirSense 10 AutoSet for Her;23212026822;498
11134;37422;AirSense 10 AutoSet for Her;23212026823;949
11135;37422;AirSense 10 AutoSet for Her;23212026809;870
11136;37422;AirSense 10 AutoSet for Her;23212026609;968
11137;37422;AirSense 10 AutoSet for Her;23212026800;491
11138;37422;AirSense 10 AutoSet for Her;23212026806;995
11139;37422;AirSense 10 AutoSet for Her;23212026801;409
11140;37422;AirSense 10 AutoSet for Her;23212026746;377
11141;37422;AirSense 10 AutoSet for Her;23212026606;9
11142;37422;AirSense 10 AutoSet for Her;23212026750;722
11143;37422;AirSense 10 AutoSet for Her;23212026597;211
11191;37422;AirSense 10 AutoSet for Her;22211508790;978
11192;37422;AirSense 10 AutoSet for Her;22211508792;726
11193;37422;AirSense 10 AutoSet for Her;22211508650;109
11194;37422;AirSense 10 AutoSet for Her;22211508787;963
11197;37422;AirSense 10 AutoSet for Her;22211508927;142
11198;37422;AirSense 10 AutoSet for Her;22211508929;157
11199;37422;AirSense 10 AutoSet for Her;22211386492;91
11273;37422;AirSense 10 AutoSet for Her;22211491303;357
11274;37422;AirSense 10 AutoSet for Her;22211491246;923
11275;37422;AirSense 10 AutoSet for Her;22211491247;363
11276;37422;AirSense 10 AutoSet for Her;22211491304;799
11277;37422;AirSense 10 AutoSet for Her;22211491502;174
11278;37422;AirSense 10 AutoSet for Her;22211491497;186
11279;37422;AirSense 10 AutoSet for Her;22211508945;969
11285;37422;AirSense 10 AutoSet for Her;22211845159;512
11286;37422;AirSense 10 AutoSet for Her;22211845160;852
11287;37422;AirSense 10 AutoSet for Her;22211845161;749
11288;37422;AirSense 10 AutoSet for Her;22211845004;151
11289;37422;AirSense 10 AutoSet for Her;22211845166;82
11290;37422;AirSense 10 AutoSet for Her;22211845029;47
11291;37422;AirSense 10 AutoSet for Her;22211845026;535
11292;37422;AirSense 10 AutoSet for Her;22211845023;484
11293;37422;AirSense 10 AutoSet for Her;22211845027;166
11294;37422;AirSense 10 AutoSet for Her;22211845025;693
11295;37422;AirSense 10 AutoSet for Her;22211845168;775
11296;37422;AirSense 10 AutoSet for Her;22211845028;322
11297;37422;AirSense 10 AutoSet for Her;22211845169;688
11298;37422;AirSense 10 AutoSet for Her;22211845024;789
11299;37422;AirSense 10 AutoSet for Her;22211845170;207
11300;37422;AirSense 10 AutoSet for Her;22211845167;858
11323;37422;AirSense 10 AutoSet for Her;22211845098;521
11324;37422;AirSense 10 AutoSet for Her;22211845101;349
11325;37422;AirSense 10 AutoSet for Her;22211845096;840
11326;37422;AirSense 10 AutoSet for Her;22211844964;247
11327;37422;AirSense 10 AutoSet for Her;22211491523;388
11336;37422;AirSense 10 AutoSet for Her;22191332671;829
11376;37422;AirSense 10 AutoSet for Her;22221268780;540
11377;37422;AirSense 10 AutoSet for Her;22221268785;119
11378;37422;AirSense 10 AutoSet for Her;22221268551;551
11379;37422;AirSense 10 AutoSet for Her;22221268635;476
11380;37422;AirSense 10 AutoSet for Her;22221268789;985
11381;37422;AirSense 10 AutoSet for Her;22221268570;897
11382;37422;AirSense 10 AutoSet for Her;22221268808;444
11383;37422;AirSense 10 AutoSet for Her;22221268793;271
11384;37422;AirSense 10 AutoSet for Her;22221268801;674
11385;37422;AirSense 10 AutoSet for Her;22221268569;348
11386;37422;AirSense 10 AutoSet for Her;22221268571;21
11387;37422;AirSense 10 AutoSet for Her;22221268563;304
11388;37422;AirSense 10 AutoSet for Her;22221268863;444
11389;37422;AirSense 10 AutoSet for Her;22221268878;111
11390;37422;AirSense 10 AutoSet for Her;22221268879;864
11568;37422;AirSense 10 AutoSet for Her;22221485051;500
11569;37422;AirSense 10 AutoSet for Her;22221485075;437
11570;37422;AirSense 10 AutoSet for Her;22221485078;456
11571;37422;AirSense 10 AutoSet for Her;22221485085;557
11572;37422;AirSense 10 AutoSet for Her;22221485058;358
11573;37422;AirSense 10 AutoSet for Her;22221485059;639
11574;37422;AirSense 10 AutoSet for Her;22221485060;88
11575;37422;AirSense 10 AutoSet for Her;22221485030;428
11576;37422;AirSense 10 AutoSet for Her;22221485072;177
11577;37422;AirSense 10 AutoSet for Her;22221485086;495
11578;37422;AirSense 10 AutoSet for Her;22221485076;145
11579;37422;AirSense 10 AutoSet for Her;22221485054;129
11580;37422;AirSense 10 AutoSet for Her;22221485032;246
11581;37422;AirSense 10 AutoSet for Her;22221485028;78
11582;37422;AirSense 10 AutoSet for Her;22221485040;981
11583;37422;AirSense 10 AutoSet for Her;22221485067;498
11584;37422;AirSense 10 AutoSet for Her;22221485082;790
11585;37422;AirSense 10 AutoSet for Her;22221485052;697
11586;37422;AirSense 10 AutoSet for Her;22221485073;297
11587;37422;AirSense 10 AutoSet for Her;22221485049;32
11588;37422;AirSense 10 AutoSet for Her;22221485055;227
11589;37422;AirSense 10 AutoSet for Her;22221485077;967
11590;37422;AirSense 10 AutoSet for Her;22221485081;226
11591;37422;AirSense 10 AutoSet for Her;22221485053;610
11592;37422;AirSense 10 AutoSet for Her;22221485038;834
11593;37422;AirSense 10 AutoSet for Her;22221485066;581
11594;37422;AirSense 10 AutoSet for Her;22221485029;870
11595;37422;AirSense 10 AutoSet for Her;22221485039;761
11596;37422;AirSense 10 AutoSet for Her;22221485035;968
11597;37422;AirSense 10 AutoSet for Her;22221485036;504
11598;37422;AirSense 10 AutoSet for Her;22221485037;429
11599;37422;AirSense 10 AutoSet for Her;22221485065;655
11490;39140;AirSense 11 AutoSet;22221415674;448
11491;39140;AirSense 11 AutoSet;22221415678;648
11492;39140;AirSense 11 AutoSet;22221415690;928
11493;39140;AirSense 11 AutoSet;22221415675;225
11494;39140;AirSense 11 AutoSet;22221415681;899
11495;39140;AirSense 11 AutoSet;22221415868;562
11496;39140;AirSense 11 AutoSet;22221415869;541
11497;39140;AirSense 11 AutoSet;22221415867;39
11498;39140;AirSense 11 AutoSet;22221415866;713
11499;39140;AirSense 11 AutoSet;22221415871;51
11500;39140;AirSense 11 AutoSet;22221414766;557
11501;39140;AirSense 11 AutoSet;22221414758;786
11502;39140;AirSense 11 AutoSet;22221414779;427
11503;39140;AirSense 11 AutoSet;22221414750;857
11504;39140;AirSense 11 AutoSet;22221414662;805
11505;39140;AirSense 11 AutoSet;22221416092;819
11506;39140;AirSense 11 AutoSet;22221416081;122
11507;39140;AirSense 11 AutoSet;22221416094;504
11508;39140;AirSense 11 AutoSet;22221416064;340
11509;39140;AirSense 11 AutoSet;22221416075;345
11510;39140;AirSense 11 AutoSet;22221415775;311
11511;39140;AirSense 11 AutoSet;22221415777;384
11512;39140;AirSense 11 AutoSet;22221415727;935
11513;39140;AirSense 11 AutoSet;22221415780;656
11514;39140;AirSense 11 AutoSet;22221415776;425
11515;39140;AirSense 11 AutoSet;22221416020;824
11516;39140;AirSense 11 AutoSet;22221415999;690
11517;39140;AirSense 11 AutoSet;22221415998;160
11518;39140;AirSense 11 AutoSet;22221416017;826
11519;39140;AirSense 11 AutoSet;22221416013;297
11520;39140;AirSense 11 AutoSet;22221414540;112
11521;39140;AirSense 11 AutoSet;22221414548;309
11522;39140;AirSense 11 AutoSet;22221414545;858
11523;39140;AirSense 11 AutoSet;22221414539;184
11524;39140;AirSense 11 AutoSet;22221414550;965
11525;39140;AirSense 11 AutoSet;22221414744;28
11526;39140;AirSense 11 AutoSet;22221414749;781
11527;39140;AirSense 11 AutoSet;22221414743;142
11528;39140;AirSense 11 AutoSet;22221414745;5
11529;39140;AirSense 11 AutoSet;22221414748;615
11530;39140;AirSense 11 AutoSet;22221414543;875
11531;39140;AirSense 11 AutoSet;22221414541;431
11532;39140;AirSense 11 AutoSet;22221414544;165
11533;39140;AirSense 11 AutoSet;22221414536;969
11534;39140;AirSense 11 AutoSet;22221414549;115
11535;39140;AirSense 11 AutoSet;22221415689;787
11536;39140;AirSense 11 AutoSet;22221414503;863
11537;39140;AirSense 11 AutoSet;22221414500;516
11538;39140;AirSense 11 AutoSet;22221414499;583
11539;39140;AirSense 11 AutoSet;22221415684;478
11540;39140;AirSense 11 AutoSet;22221415733;184
11541;39140;AirSense 11 AutoSet;22221415734;731
11542;39140;AirSense 11 AutoSet;22221415725;3
11543;39140;AirSense 11 AutoSet;22221415737;919
11544;39140;AirSense 11 AutoSet;22221415738;254
11545;39140;AirSense 11 AutoSet;22221415688;763
11546;39140;AirSense 11 AutoSet;22221414512;864
11547;39140;AirSense 11 AutoSet;22221414511;563
11548;39140;AirSense 11 AutoSet;22221414513;318
11549;39140;AirSense 11 AutoSet;22221414514;372
11617;39140;AirSense 11 AutoSet;22221454796;383
11618;39140;AirSense 11 AutoSet;22221607812;986
11619;39140;AirSense 11 AutoSet;22221607815;592
11620;39140;AirSense 11 AutoSet;22221607819;366
11621;39140;AirSense 11 AutoSet;22221607810;764
11622;39140;AirSense 11 AutoSet;22221607818;0
11623;39140;AirSense 11 AutoSet;23222262433;246
11624;39140;AirSense 11 AutoSet;23222262441;750
11625;39140;AirSense 11 AutoSet;23222262443;897
11626;39140;AirSense 11 AutoSet;23222262591;928
11627;39140;AirSense 11 AutoSet;23222262428;21
11628;39140;AirSense 11 AutoSet;23222262436;971
11629;39140;AirSense 11 AutoSet;23222262621;103
11630;39140;AirSense 11 AutoSet;23222262611;54
11631;39140;AirSense 11 AutoSet;23222262616;382
11632;39140;AirSense 11 AutoSet;23222262596;382
11651;39140;AirSense 11 AutoSet;23222385232;232
11652;39140;AirSense 11 AutoSet;23222386022;594
11653;39140;AirSense 11 AutoSet;23222386065;982
11654;39140;AirSense 11 AutoSet;23222386116;61
11655;39140;AirSense 11 AutoSet;23222386172;140
11656;39140;AirSense 11 AutoSet;23222386173;61
11657;39140;AirSense 11 AutoSet;23222386336;917
11658;39140;AirSense 11 AutoSet;23222386338;576
11659;39140;AirSense 11 AutoSet;23222386354;156
11660;39140;AirSense 11 AutoSet;23222386357;35
11661;39140;AirSense 11 AutoSet;23222386358;990
11662;39140;AirSense 11 AutoSet;23222386029;621
11663;39140;AirSense 11 AutoSet;23222386132;584
11664;39140;AirSense 11 AutoSet;23222386176;208
11665;39140;AirSense 11 AutoSet;23222386188;407
11666;39140;AirSense 11 AutoSet;23222386191;899
11764;39140;AirSense 11 AutoSet;23223079740;960
11765;39140;AirSense 11 AutoSet;23223079546;643
11766;39140;AirSense 11 AutoSet;23223080206;136
11767;39140;AirSense 11 AutoSet;23223080208;603
11768;39140;AirSense 11 AutoSet;23223080209;576
11769;39140;AirSense 11 AutoSet;23223080210;747
11770;39140;AirSense 11 AutoSet;23223080213;57
11771;39140;AirSense 11 AutoSet;23223080168;645
11772;39140;AirSense 11 AutoSet;23223080172;167
11773;39140;AirSense 11 AutoSet;23223080179;569
11774;39140;AirSense 11 AutoSet;23223080193;682
11775;39140;AirSense 11 AutoSet;23223080205;720
11776;39140;AirSense 11 AutoSet;23223080162;542
11777;39140;AirSense 11 AutoSet;23223080181;456
11778;39140;AirSense 11 AutoSet;23223080189;349
11779;39140;AirSense 11 AutoSet;23223080190;489
11780;39140;AirSense 11 AutoSet;23223080191;756
11781;39140;AirSense 11 AutoSet;23223080188;305
11782;39140;AirSense 11 AutoSet;23223080192;572
11783;39140;AirSense 11 AutoSet;23223080194;671
11784;39140;AirSense 11 AutoSet;23223080196;698
11785;39140;AirSense 11 AutoSet;23223080197;438
11786;39140;AirSense 11 AutoSet;23223080180;758
11787;39140;AirSense 11 AutoSet;23223080187;304
11788;39140;AirSense 11 AutoSet;23223080200;951
11789;39140;AirSense 11 AutoSet;23223080201;874
11790;39140;AirSense 11 AutoSet;23223080202;975
11791;39140;AirSense 11 AutoSet;23223080052;502
11792;39140;AirSense 11 AutoSet;23223080183;517
11793;39140;AirSense 11 AutoSet;23223080184;477
11794;39140;AirSense 11 AutoSet;23223080185;469
11795;39140;AirSense 11 AutoSet;23223080186;15
11797;39140;AirSense 11 AutoSet;23223333959;485
11840;39140;AirSense 11 AutoSet;23231037514;142
11841;39140;AirSense 11 AutoSet;23231037508;943
11842;39140;AirSense 11 AutoSet;23231037513;419
11843;39140;AirSense 11 AutoSet;23231037505;721
11844;39140;AirSense 11 AutoSet;23231037271;6
11845;39140;AirSense 11 AutoSet;23231037312;290
11846;39140;AirSense 11 AutoSet;23231037504;843
11847;39140;AirSense 11 AutoSet;23231037510;804
11848;39140;AirSense 11 AutoSet;23231037521;822
11849;39140;AirSense 11 AutoSet;23231037488;546
11850;39140;AirSense 11 AutoSet;23231037522;498
11851;39140;AirSense 11 AutoSet;23231037523;286
11852;39140;AirSense 11 AutoSet;23231037556;56
11853;39140;AirSense 11 AutoSet;23231037542;581
11854;39140;AirSense 11 AutoSet;23231037572;197
11855;39140;AirSense 11 AutoSet;23231037565;232
11856;39140;AirSense 11 AutoSet;23231037526;553
11857;39140;AirSense 11 AutoSet;23231037529;69
11858;39140;AirSense 11 AutoSet;23231037518;811
11859;39140;AirSense 11 AutoSet;23231037520;657
11860;39140;AirSense 11 AutoSet;23231037570;431
11861;39140;AirSense 11 AutoSet;23231037558;701
11862;39140;AirSense 11 AutoSet;23231037585;510
11863;39140;AirSense 11 AutoSet;23231037534;26
11864;39140;AirSense 11 AutoSet;23231037548;143
11865;39140;AirSense 11 AutoSet;23231037549;90
11866;39140;AirSense 11 AutoSet;23231037554;897
11867;39140;AirSense 11 AutoSet;23231037551;197
11868;39140;AirSense 11 AutoSet;23231037354;410
11869;39140;AirSense 11 AutoSet;23231037550;834
11870;39140;AirSense 11 AutoSet;23231037517;712
11871;39140;AirSense 11 AutoSet;23231037273;375
11895;39140;AirSense 11 AutoSet;23231786190;162
11896;39140;AirSense 11 AutoSet;23231786229;114
11897;39140;AirSense 11 AutoSet;23231786559;153
11898;39140;AirSense 11 AutoSet;23231786573;86
11899;39140;AirSense 11 AutoSet;23231786575;722
11900;39140;AirSense 11 AutoSet;23231786586;839
11901;39140;AirSense 11 AutoSet;23231786587;66
11902;39140;AirSense 11 AutoSet;23231786595;251
11903;39140;AirSense 11 AutoSet;23231786597;624
11904;39140;AirSense 11 AutoSet;23231786598;83
11905;39140;AirSense 11 AutoSet;23231786599;690
11906;39140;AirSense 11 AutoSet;23231786600;557
11907;39140;AirSense 11 AutoSet;23231786614;5
11908;39140;AirSense 11 AutoSet;23231786636;668
11909;39140;AirSense 11 AutoSet;23231786637;141
11910;39140;AirSense 11 AutoSet;23231786638;902
11911;39140;AirSense 11 AutoSet;23231786643;833
11912;39140;AirSense 11 AutoSet;23231786577;860
11913;39140;AirSense 11 AutoSet;23231786578;958
11914;39140;AirSense 11 AutoSet;23231786581;152
11915;39140;AirSense 11 AutoSet;23231786582;753
11916;39140;AirSense 11 AutoSet;23231786583;868
11917;39140;AirSense 11 AutoSet;23231786588;546
11918;39140;AirSense 11 AutoSet;23231786589;267
11919;39140;AirSense 11 AutoSet;23231786603;8
11920;39140;AirSense 11 AutoSet;23231786605;643
11921;39140;AirSense 11 AutoSet;23231786606;5
11922;39140;AirSense 11 AutoSet;23231786579;684
11923;39140;AirSense 11 AutoSet;23231786591;530
11924;39140;AirSense 11 AutoSet;23231786593;183
11925;39140;AirSense 11 AutoSet;23231786594;454
11926;39140;AirSense 11 AutoSet;23231786596;317
11949;39140;AirSense 11 AutoSet;23231863414;455
11950;39140;AirSense 11 AutoSet;23231863808;401
11951;39140;AirSense 11 AutoSet;23232445159;851
11952;39140;AirSense 11 AutoSet;23232445164;211
11953;39140;AirSense 11 AutoSet;23232444872;626
11954;39140;AirSense 11 AutoSet;23232445162;848
11955;39140;AirSense 11 AutoSet;23232445161;359
11956;39140;AirSense 11 AutoSet;23232445046;809
11957;39140;AirSense 11 AutoSet;23232445061;924
11958;39140;AirSense 11 AutoSet;23232445157;544
11959;39140;AirSense 11 AutoSet;23232445160;604
11960;39140;AirSense 11 AutoSet;23232445165;90
11961;39140;AirSense 11 AutoSet;23232445163;885
11962;39140;AirSense 11 AutoSet;23232445168;667
11963;39140;AirSense 11 AutoSet;23232445169;521
11964;39140;AirSense 11 AutoSet;23232445170;805
11965;39140;AirSense 11 AutoSet;23232445171;12
11966;39140;AirSense 11 AutoSet;23232445123;224
11967;39140;AirSense 11 AutoSet;23232445125;54
11968;39140;AirSense 11 AutoSet;23232445126;56
11969;39140;AirSense 11 AutoSet;23232445127;351
11970;39140;AirSense 11 AutoSet;23232445132;570
11971;39140;AirSense 11 AutoSet;23232444871;53
11972;39140;AirSense 11 AutoSet;23232445166;767
11973;39140;AirSense 11 AutoSet;23232445178;19
11974;39140;AirSense 11 AutoSet;23232445179;638
11975;39140;AirSense 11 AutoSet;23232445180;269
11976;39140;AirSense 11 AutoSet;23232445128;219
11977;39140;AirSense 11 AutoSet;23232445137;966
11978;39140;AirSense 11 AutoSet;23232445138;870
11979;39140;AirSense 11 AutoSet;23232445143;75
11980;39140;AirSense 11 AutoSet;23232445144;446
11981;39140;AirSense 11 AutoSet;23232137199;723
11988;39140;AirSense 11 AutoSet;23232575864;274
11989;39140;AirSense 11 AutoSet;23232575888;651
11990;39140;AirSense 11 AutoSet;23232575918;783
11991;39140;AirSense 11 AutoSet;23232576059;223
11992;39140;AirSense 11 AutoSet;23232576067;720
11993;39140;AirSense 11 AutoSet;23232575815;156
11994;39140;AirSense 11 AutoSet;23232575901;191
11995;39140;AirSense 11 AutoSet;23232575902;902
11996;39140;AirSense 11 AutoSet;23232575945;734
11997;39140;AirSense 11 AutoSet;23232575947;878
11998;39140;AirSense 11 AutoSet;23232575841;741
11999;39140;AirSense 11 AutoSet;23232576069;322
12000;39140;AirSense 11 AutoSet;23232576070;543
12001;39140;AirSense 11 AutoSet;23232576072;792
12002;39140;AirSense 11 AutoSet;23232576074;863
12003;39140;AirSense 11 AutoSet;23232575871;486
12004;39140;AirSense 11 AutoSet;23232575910;275
12005;39140;AirSense 11 AutoSet;23232575944;174
12006;39140;AirSense 11 AutoSet;23232575961;26
12007;39140;AirSense 11 AutoSet;23232575969;945
12008;39140;AirSense 11 AutoSet;23232575840;262
12009;39140;AirSense 11 AutoSet;23232576081;987
12010;39140;AirSense 11 AutoSet;23232576086;456
12011;39140;AirSense 11 AutoSet;23232576088;967
12012;39140;AirSense 11 AutoSet;23232576090;665
12013;39140;AirSense 11 AutoSet;23232575966;115
12014;39140;AirSense 11 AutoSet;23232576055;91
12015;39140;AirSense 11 AutoSet;23232576056;289
12016;39140;AirSense 11 AutoSet;23232576058;474
12017;39140;AirSense 11 AutoSet;23232576066;519
12018;39140;AirSense 11 AutoSet;23231939626;573
12019;39140;AirSense 11 AutoSet;23231939619;401
12020;39140;AirSense 11 AutoSet;23232567042;28
12046;39140;AirSense 11 AutoSet;23232551773;892
12047;39140;AirSense 11 AutoSet;23232851994;750
12048;39140;AirSense 11 AutoSet;23232852009;295
12049;39140;AirSense 11 AutoSet;23232852010;161
12050;39140;AirSense 11 AutoSet;23232852013;960
12051;39140;AirSense 11 AutoSet;23232852028;168
12052;39140;AirSense 11 AutoSet;23232851946;11
12053;39140;AirSense 11 AutoSet;23232851965;722
12054;39140;AirSense 11 AutoSet;23232851969;609
12055;39140;AirSense 11 AutoSet;23232851970;220
12056;39140;AirSense 11 AutoSet;23232851971;308
12057;39140;AirSense 11 AutoSet;23232851883;500
12058;39140;AirSense 11 AutoSet;23232851917;452
12059;39140;AirSense 11 AutoSet;23232851940;241
12060;39140;AirSense 11 AutoSet;23232851942;226
12061;39140;AirSense 11 AutoSet;23232851945;992
12062;39140;AirSense 11 AutoSet;23232851949;833
12063;39140;AirSense 11 AutoSet;23232851999;628
12064;39140;AirSense 11 AutoSet;23232852000;959
12065;39140;AirSense 11 AutoSet;23232852004;682
12066;39140;AirSense 11 AutoSet;23232852011;616
12067;39140;AirSense 11 AutoSet;23232852014;407
12068;39140;AirSense 11 AutoSet;23232852015;165
12069;39140;AirSense 11 AutoSet;23232852016;548
12070;39140;AirSense 11 AutoSet;23232852035;298
12071;39140;AirSense 11 AutoSet;23232852036;425
12072;39140;AirSense 11 AutoSet;23232851916;701
12073;39140;AirSense 11 AutoSet;23232851935;919
12074;39140;AirSense 11 AutoSet;23232851936;831
12075;39140;AirSense 11 AutoSet;23232851938;519
12076;39140;AirSense 11 AutoSet;23232851939;773
12077;39140;AirSense 11 AutoSet;23232851890;985
12078;39140;AirSense 11 AutoSet;23232851892;496
12079;39140;AirSense 11 AutoSet;23232851893;806
12080;39140;AirSense 11 AutoSet;23232851944;828
12081;39140;AirSense 11 AutoSet;23232851948;288
12082;39140;AirSense 11 AutoSet;23232851972;244
12083;39140;AirSense 11 AutoSet;23232851975;598
12084;39140;AirSense 11 AutoSet;23232851976;241
12085;39140;AirSense 11 AutoSet;23232851977;234
12086;39140;AirSense 11 AutoSet;23232851980;924
12087;39140;AirSense 11 AutoSet;23232790039;422
12088;39140;AirSense 11 AutoSet;23232790040;324
12089;39140;AirSense 11 AutoSet;23232790041;552
12090;39140;AirSense 11 AutoSet;23232790042;885
12091;39140;AirSense 11 AutoSet;23232790046;957
12092;39140;AirSense 11 AutoSet;23232851966;325
12093;39140;AirSense 11 AutoSet;23232851978;811
12094;39140;AirSense 11 AutoSet;23232851979;59
12095;39140;AirSense 11 AutoSet;23232851981;99
12096;39140;AirSense 11 AutoSet;23232851982;34
12108;39140;AirSense 11 AutoSet;23233150879;367
12153;39140;AirSense 11 AutoSet;23233345169;274
12160;39140;AirSense 11 AutoSet;23241265688;678
12161;39140;AirSense 11 AutoSet;23241265696;486
12162;39140;AirSense 11 AutoSet;23241265697;176
12163;39140;AirSense 11 AutoSet;23241265698;584
12164;39140;AirSense 11 AutoSet;23241265700;954
12165;39140;AirSense 11 AutoSet;23241265680;621
12166;39140;AirSense 11 AutoSet;23241265699;848
12167;39140;AirSense 11 AutoSet;23241265711;380
12168;39140;AirSense 11 AutoSet;23241265713;405
12169;39140;AirSense 11 AutoSet;23241265715;603
12170;39140;AirSense 11 AutoSet;23241265682;862
12171;39140;AirSense 11 AutoSet;23241265701;555
12172;39140;AirSense 11 AutoSet;23241265702;557
12173;39140;AirSense 11 AutoSet;23241265703;138
12174;39140;AirSense 11 AutoSet;23241265708;817
12175;39140;AirSense 11 AutoSet;23241265685;531
12176;39140;AirSense 11 AutoSet;23241265710;22
12177;39140;AirSense 11 AutoSet;23241265714;734
12178;39140;AirSense 11 AutoSet;23241265716;274
12179;39140;AirSense 11 AutoSet;23241265718;175
12203;39140;AirSense 11 AutoSet;23241878414;205
12204;39140;AirSense 11 AutoSet;23241878568;632
12205;39140;AirSense 11 AutoSet;23241878430;40
12206;39140;AirSense 11 AutoSet;23241878408;649
12207;39140;AirSense 11 AutoSet;23241878533;209
12208;39140;AirSense 11 AutoSet;23241878830;896
12209;39140;AirSense 11 AutoSet;23241878824;116
12210;39140;AirSense 11 AutoSet;23241878816;464
12211;39140;AirSense 11 AutoSet;23241878837;945
12212;39140;AirSense 11 AutoSet;23241878838;924
12213;39140;AirSense 11 AutoSet;23241878855;610
12214;39140;AirSense 11 AutoSet;23241878840;665
12215;39140;AirSense 11 AutoSet;23241878861;485
12216;39140;AirSense 11 AutoSet;23241878551;432
12217;39140;AirSense 11 AutoSet;23241878735;128
12218;39140;AirSense 11 AutoSet;23241878813;520
12219;39140;AirSense 11 AutoSet;23241878836;83
12220;39140;AirSense 11 AutoSet;23241878814;432
12221;39140;AirSense 11 AutoSet;23241878849;136
12222;39140;AirSense 11 AutoSet;23241878845;543
12225;39140;AirSense 11 AutoSet;23232721415;232
12226;39140;AirSense 11 AutoSet;23242259936;287
12227;39140;AirSense 11 AutoSet;23242260051;127
12228;39140;AirSense 11 AutoSet;23242260066;892
12229;39140;AirSense 11 AutoSet;23242260068;821
12230;39140;AirSense 11 AutoSet;23242260069;727
12231;39140;AirSense 11 AutoSet;23242616135;468
12232;39140;AirSense 11 AutoSet;23242616139;498
12233;39140;AirSense 11 AutoSet;23242616143;569
12234;39140;AirSense 11 AutoSet;23242616148;255
12235;39140;AirSense 11 AutoSet;23242616152;631
12236;39140;AirSense 11 AutoSet;23243496757;682
12237;39140;AirSense 11 AutoSet;23243496764;151
12238;39140;AirSense 11 AutoSet;23243496793;686
12239;39140;AirSense 11 AutoSet;23243496804;147
12240;39140;AirSense 11 AutoSet;23243496808;136
12241;39140;AirSense 11 AutoSet;23243496812;28
12242;39140;AirSense 11 AutoSet;23243496820;394
12243;39140;AirSense 11 AutoSet;23243496822;871
12244;39140;AirSense 11 AutoSet;23243496853;375
12245;39140;AirSense 11 AutoSet;23243496874;611
12276;39140;AirSense 11 AutoSet;23243865983;369
12277;39140;AirSense 11 AutoSet;23243865984;565
12278;39140;AirSense 11 AutoSet;23243865998;345
12279;39140;AirSense 11 AutoSet;23243866007;706
12280;39140;AirSense 11 AutoSet;23243866009;922
12281;39140;AirSense 11 AutoSet;23244224787;647
12282;39140;AirSense 11 AutoSet;23244224816;62
12283;39140;AirSense 11 AutoSet;23244224817;759
12284;39140;AirSense 11 AutoSet;23244224820;983
12285;39140;AirSense 11 AutoSet;23244224822;606
12352;39140;AirSense 11 AutoSet;23251394526;956
12364;39140;AirSense 11 AutoSet;23251995098;971
12365;39140;AirSense 11 AutoSet;23252380567;536
12371;39140;AirSense 11 AutoSet;23251994968;254
12372;39140;AirSense 11 AutoSet;23251994970;420
12373;39140;AirSense 11 AutoSet;23251994977;725
12374;39140;AirSense 11 AutoSet;23251994980;794
12375;39140;AirSense 11 AutoSet;23251994992;114
12376;39140;AirSense 11 AutoSet;23252147972;82
12377;39140;AirSense 11 AutoSet;23252147978;903
12378;39140;AirSense 11 AutoSet;23252147979;226
12379;39140;AirSense 11 AutoSet;23252147981;392
12380;39140;AirSense 11 AutoSet;23252147983;329
11607;39996;AirSense 11 AutoSet Factice;;
11608;39996;AirSense 11 AutoSet Factice;;
11609;39996;AirSense 11 AutoSet Factice;;
11610;39996;AirSense 11 AutoSet Factice;;
11611;39996;AirSense 11 AutoSet Factice;;
11612;39996;AirSense 11 AutoSet Factice;;
11613;39996;AirSense 11 AutoSet Factice;;
11614;39996;AirSense 11 AutoSet Factice;;
11615;39996;AirSense 11 AutoSet Factice;;
11616;39996;AirSense 11 AutoSet Factice;;
10905;707231;Capteur SENTEC V-sign;335119;
11754;707231;Capteur SENTEC V-sign;341132;
10001;37300;HumidAir;10001;
10003;37300;HumidAir;10003;
10005;37300;HumidAir;10005;
10014;37300;HumidAir;10014;
10015;37300;HumidAir;10015;
10016;37300;HumidAir;10016;
10017;37300;HumidAir;10017;
10018;37300;HumidAir;10018;
10019;37300;HumidAir;10019;
10020;37300;HumidAir;10020;
10021;37300;HumidAir;10021;
12386;24936;Humidificateur H4i pour Stellar;22251015065;
10235;28111;Lumis 150 ST;22181436502;262
10322;28111;Lumis 150 ST;22182045229;314
10357;28111;Lumis 150 ST;22191165917;314
10405;28111;Lumis 150 ST;22191680312;642
10522;28111;Lumis 150 ST;22201031672;395
10684;28111;Lumis 150 ST;22161025763;391
10706;28111;Lumis 150 ST;22201534431;12
11110;28111;Lumis 150 ST;22201637728;959
11111;28111;Lumis 150 ST;22201638024;928
11166;28111;Lumis 150 ST;22211460350;919
11167;28111;Lumis 150 ST;22211459998;173
11168;28111;Lumis 150 ST;22211514080;377
11935;28111;Lumis 150 ST;22231785457;326
12183;28111;Lumis 150 ST;22232718174;100
12199;28111;Lumis 150 ST;22232666136;255
12223;28111;Lumis 150 ST;22232990716;432
12224;28111;Lumis 150 ST;22232990682;443
12265;28111;Lumis 150 ST;22241700729;430
12361;28111;Lumis 150 ST;22241903540;683
12362;28111;Lumis 150 ST;22242214302;666
12033;7078980;Nox T3s avec SpO2;300121472;
12387;24142;STELLAR 150;22251443084;20
